{
  "overall_mape": 0.08386074153033322,
  "mape_by_horizon_mean": 0.08386074153033324,
  "cv_mape_mean": 0.24651451636786914
}