{
  "precision": 0.1346153846153846,
  "recall": 0.175,
  "f1": 0.15217391304347827,
  "tn": 1019,
  "fp": 45,
  "fn": 33,
  "tp": 7
}