{
  "rmse": 0.2968644357687477,
  "mae": 0.22912878327210937,
  "mape": 1.287572832240786
}