horizon,mape
1,0.0846684300329095
2,0.10225923059638278
3,0.10798162716531032
4,0.07545351994072226
5,0.049543720443413174
6,0.04585399869768993
7,0.10445251368907257
8,0.09544444383481458
9,0.08488200218097883
10,0.08520291234321972
11,0.06766644239321967
12,0.1029200570462654
