product,month,promo_type,discount_pct,duration_days,lift_pct,prebuy_pct,postbuy_pct,margin_impact_pct
CN,Aug,dealer_spiff,3.0,21,18.948788256156355,3.711992983440862,6.463496954142452,1.2335816634916335
AH,Dec,dealer_spiff,3.0,21,14.370461498208451,4.163710792317035,5.976734703869011,1.5232557122279786
CN,Dec,dealer_spiff,3.4,21,14.370461498208451,4.163710792317035,5.976734703869011,1.5232557122279786
